<?xml version="1.0" encoding="UTF-8"?><Root>
      
                  <block>
            <blkName>Constant</blkName>
            <xpcblkName>Constant</xpcblkName>
            <SLblockPath>untitled/Constant</SLblockPath>
            <isSrc>[1 0 1]</isSrc>
          <parameter>
          <paramName>Value</paramName>
          <dim>[1, 1]</dim>  
          </parameter>
          </block>
            <block>
            <blkName>PCI-2</blkName>
            <xpcblkName>PCI-2</xpcblkName>
            <SLblockPath>untitled/PCI-2</SLblockPath>
            <isSrc>[1 0 1]</isSrc>
          <parameter>
          <paramName>P1</paramName>
          <dim>[1, 2]</dim>  
          </parameter>
          <parameter>
          <paramName>P2</paramName>
          <dim>[1, 2]</dim>  
          </parameter>
          </block>
            <block>
            <blkName>PCI-6208A DA </blkName>
            <xpcblkName>PCI-6208A DA </xpcblkName>
            <SLblockPath>untitled/PCI-6208A DA </SLblockPath>
            <isSrc>[0 8 0]</isSrc>
          <parameter>
          <paramName>P1</paramName>
          <dim>[1, 8]</dim>  
          </parameter>
          <parameter>
          <paramName>P2</paramName>
          <dim>[1, 1]</dim>  
          </parameter>
          <parameter>
          <paramName>P3</paramName>
          <dim>[1, 1]</dim>  
          </parameter>
          <parameter>
          <paramName>P4</paramName>
          <dim>[1, 2]</dim>  
          </parameter>
          <parameter>
          <paramName>P5</paramName>
          <dim>[1, 8]</dim>  
          </parameter>
          <parameter>
          <paramName>P6</paramName>
          <dim>[1, 8]</dim>  
          </parameter>
          </block>
              <signal>
              <sigName>Constant</sigName>
              <xpcsigName>Constant</xpcsigName>
              <sigWidth>1</sigWidth>
              <sigDim>[1, 1]</sigDim>
            </signal>
              <signal>
              <sigName>PCI-2</sigName>
              <xpcsigName>PCI-2</xpcsigName>
              <sigWidth>16</sigWidth>
              <sigDim>[16, 1]</sigDim>
            </signal>

</Root>