<?xml version="1.0" encoding="UTF-8"?><Root>
      
                  <block>
            <blkName>constant1</blkName>
            <xpcblkName>constant1</xpcblkName>
            <SLblockPath>pci1756/constant1</SLblockPath>
            <isSrc>[1 0 1]</isSrc>
          <parameter>
          <paramName>Value</paramName>
          <dim>[1, 1]</dim>  
          </parameter>
          </block>
            <block>
            <blkName>constant10</blkName>
            <xpcblkName>constant10</xpcblkName>
            <SLblockPath>pci1756/constant10</SLblockPath>
            <isSrc>[1 0 1]</isSrc>
          <parameter>
          <paramName>Value</paramName>
          <dim>[1, 1]</dim>  
          </parameter>
          </block>
            <block>
            <blkName>constant11</blkName>
            <xpcblkName>constant11</xpcblkName>
            <SLblockPath>pci1756/constant11</SLblockPath>
            <isSrc>[1 0 1]</isSrc>
          <parameter>
          <paramName>Value</paramName>
          <dim>[1, 1]</dim>  
          </parameter>
          </block>
            <block>
            <blkName>constant12</blkName>
            <xpcblkName>constant12</xpcblkName>
            <SLblockPath>pci1756/constant12</SLblockPath>
            <isSrc>[1 0 1]</isSrc>
          <parameter>
          <paramName>Value</paramName>
          <dim>[1, 1]</dim>  
          </parameter>
          </block>
            <block>
            <blkName>constant13</blkName>
            <xpcblkName>constant13</xpcblkName>
            <SLblockPath>pci1756/constant13</SLblockPath>
            <isSrc>[1 0 1]</isSrc>
          <parameter>
          <paramName>Value</paramName>
          <dim>[1, 1]</dim>  
          </parameter>
          </block>
            <block>
            <blkName>constant14</blkName>
            <xpcblkName>constant14</xpcblkName>
            <SLblockPath>pci1756/constant14</SLblockPath>
            <isSrc>[1 0 1]</isSrc>
          <parameter>
          <paramName>Value</paramName>
          <dim>[1, 1]</dim>  
          </parameter>
          </block>
            <block>
            <blkName>constant15</blkName>
            <xpcblkName>constant15</xpcblkName>
            <SLblockPath>pci1756/constant15</SLblockPath>
            <isSrc>[1 0 1]</isSrc>
          <parameter>
          <paramName>Value</paramName>
          <dim>[1, 1]</dim>  
          </parameter>
          </block>
            <block>
            <blkName>constant16</blkName>
            <xpcblkName>constant16</xpcblkName>
            <SLblockPath>pci1756/constant16</SLblockPath>
            <isSrc>[1 0 1]</isSrc>
          <parameter>
          <paramName>Value</paramName>
          <dim>[1, 1]</dim>  
          </parameter>
          </block>
            <block>
            <blkName>constant17</blkName>
            <xpcblkName>constant17</xpcblkName>
            <SLblockPath>pci1756/constant17</SLblockPath>
            <isSrc>[1 0 1]</isSrc>
          <parameter>
          <paramName>Value</paramName>
          <dim>[1, 1]</dim>  
          </parameter>
          </block>
            <block>
            <blkName>constant18</blkName>
            <xpcblkName>constant18</xpcblkName>
            <SLblockPath>pci1756/constant18</SLblockPath>
            <isSrc>[1 0 1]</isSrc>
          <parameter>
          <paramName>Value</paramName>
          <dim>[1, 1]</dim>  
          </parameter>
          </block>
            <block>
            <blkName>constant19</blkName>
            <xpcblkName>constant19</xpcblkName>
            <SLblockPath>pci1756/constant19</SLblockPath>
            <isSrc>[1 0 1]</isSrc>
          <parameter>
          <paramName>Value</paramName>
          <dim>[1, 1]</dim>  
          </parameter>
          </block>
            <block>
            <blkName>constant2</blkName>
            <xpcblkName>constant2</xpcblkName>
            <SLblockPath>pci1756/constant2</SLblockPath>
            <isSrc>[1 0 1]</isSrc>
          <parameter>
          <paramName>Value</paramName>
          <dim>[1, 1]</dim>  
          </parameter>
          </block>
            <block>
            <blkName>constant20</blkName>
            <xpcblkName>constant20</xpcblkName>
            <SLblockPath>pci1756/constant20</SLblockPath>
            <isSrc>[1 0 1]</isSrc>
          <parameter>
          <paramName>Value</paramName>
          <dim>[1, 1]</dim>  
          </parameter>
          </block>
            <block>
            <blkName>constant21</blkName>
            <xpcblkName>constant21</xpcblkName>
            <SLblockPath>pci1756/constant21</SLblockPath>
            <isSrc>[1 0 1]</isSrc>
          <parameter>
          <paramName>Value</paramName>
          <dim>[1, 1]</dim>  
          </parameter>
          </block>
            <block>
            <blkName>constant22</blkName>
            <xpcblkName>constant22</xpcblkName>
            <SLblockPath>pci1756/constant22</SLblockPath>
            <isSrc>[1 0 1]</isSrc>
          <parameter>
          <paramName>Value</paramName>
          <dim>[1, 1]</dim>  
          </parameter>
          </block>
            <block>
            <blkName>constant23</blkName>
            <xpcblkName>constant23</xpcblkName>
            <SLblockPath>pci1756/constant23</SLblockPath>
            <isSrc>[1 0 1]</isSrc>
          <parameter>
          <paramName>Value</paramName>
          <dim>[1, 1]</dim>  
          </parameter>
          </block>
            <block>
            <blkName>constant24</blkName>
            <xpcblkName>constant24</xpcblkName>
            <SLblockPath>pci1756/constant24</SLblockPath>
            <isSrc>[1 0 1]</isSrc>
          <parameter>
          <paramName>Value</paramName>
          <dim>[1, 1]</dim>  
          </parameter>
          </block>
            <block>
            <blkName>constant25</blkName>
            <xpcblkName>constant25</xpcblkName>
            <SLblockPath>pci1756/constant25</SLblockPath>
            <isSrc>[1 0 1]</isSrc>
          <parameter>
          <paramName>Value</paramName>
          <dim>[1, 1]</dim>  
          </parameter>
          </block>
            <block>
            <blkName>constant26</blkName>
            <xpcblkName>constant26</xpcblkName>
            <SLblockPath>pci1756/constant26</SLblockPath>
            <isSrc>[1 0 1]</isSrc>
          <parameter>
          <paramName>Value</paramName>
          <dim>[1, 1]</dim>  
          </parameter>
          </block>
            <block>
            <blkName>constant27</blkName>
            <xpcblkName>constant27</xpcblkName>
            <SLblockPath>pci1756/constant27</SLblockPath>
            <isSrc>[1 0 1]</isSrc>
          <parameter>
          <paramName>Value</paramName>
          <dim>[1, 1]</dim>  
          </parameter>
          </block>
            <block>
            <blkName>constant28</blkName>
            <xpcblkName>constant28</xpcblkName>
            <SLblockPath>pci1756/constant28</SLblockPath>
            <isSrc>[1 0 1]</isSrc>
          <parameter>
          <paramName>Value</paramName>
          <dim>[1, 1]</dim>  
          </parameter>
          </block>
            <block>
            <blkName>constant29</blkName>
            <xpcblkName>constant29</xpcblkName>
            <SLblockPath>pci1756/constant29</SLblockPath>
            <isSrc>[1 0 1]</isSrc>
          <parameter>
          <paramName>Value</paramName>
          <dim>[1, 1]</dim>  
          </parameter>
          </block>
            <block>
            <blkName>constant3</blkName>
            <xpcblkName>constant3</xpcblkName>
            <SLblockPath>pci1756/constant3</SLblockPath>
            <isSrc>[1 0 1]</isSrc>
          <parameter>
          <paramName>Value</paramName>
          <dim>[1, 1]</dim>  
          </parameter>
          </block>
            <block>
            <blkName>constant30</blkName>
            <xpcblkName>constant30</xpcblkName>
            <SLblockPath>pci1756/constant30</SLblockPath>
            <isSrc>[1 0 1]</isSrc>
          <parameter>
          <paramName>Value</paramName>
          <dim>[1, 1]</dim>  
          </parameter>
          </block>
            <block>
            <blkName>constant31</blkName>
            <xpcblkName>constant31</xpcblkName>
            <SLblockPath>pci1756/constant31</SLblockPath>
            <isSrc>[1 0 1]</isSrc>
          <parameter>
          <paramName>Value</paramName>
          <dim>[1, 1]</dim>  
          </parameter>
          </block>
            <block>
            <blkName>constant32</blkName>
            <xpcblkName>constant32</xpcblkName>
            <SLblockPath>pci1756/constant32</SLblockPath>
            <isSrc>[1 0 1]</isSrc>
          <parameter>
          <paramName>Value</paramName>
          <dim>[1, 1]</dim>  
          </parameter>
          </block>
            <block>
            <blkName>constant4</blkName>
            <xpcblkName>constant4</xpcblkName>
            <SLblockPath>pci1756/constant4</SLblockPath>
            <isSrc>[1 0 1]</isSrc>
          <parameter>
          <paramName>Value</paramName>
          <dim>[1, 1]</dim>  
          </parameter>
          </block>
            <block>
            <blkName>constant5</blkName>
            <xpcblkName>constant5</xpcblkName>
            <SLblockPath>pci1756/constant5</SLblockPath>
            <isSrc>[1 0 1]</isSrc>
          <parameter>
          <paramName>Value</paramName>
          <dim>[1, 1]</dim>  
          </parameter>
          </block>
            <block>
            <blkName>constant6</blkName>
            <xpcblkName>constant6</xpcblkName>
            <SLblockPath>pci1756/constant6</SLblockPath>
            <isSrc>[1 0 1]</isSrc>
          <parameter>
          <paramName>Value</paramName>
          <dim>[1, 1]</dim>  
          </parameter>
          </block>
            <block>
            <blkName>constant7</blkName>
            <xpcblkName>constant7</xpcblkName>
            <SLblockPath>pci1756/constant7</SLblockPath>
            <isSrc>[1 0 1]</isSrc>
          <parameter>
          <paramName>Value</paramName>
          <dim>[1, 1]</dim>  
          </parameter>
          </block>
            <block>
            <blkName>constant8</blkName>
            <xpcblkName>constant8</xpcblkName>
            <SLblockPath>pci1756/constant8</SLblockPath>
            <isSrc>[1 0 1]</isSrc>
          <parameter>
          <paramName>Value</paramName>
          <dim>[1, 1]</dim>  
          </parameter>
          </block>
            <block>
            <blkName>constant9</blkName>
            <xpcblkName>constant9</xpcblkName>
            <SLblockPath>pci1756/constant9</SLblockPath>
            <isSrc>[1 0 1]</isSrc>
          <parameter>
          <paramName>Value</paramName>
          <dim>[1, 1]</dim>  
          </parameter>
          </block>
            <block>
            <blkName>PCI1</blkName>
            <xpcblkName>PCI1</xpcblkName>
            <SLblockPath>pci1756/PCI1</SLblockPath>
            <isSrc>[0 32 2]</isSrc>
          <parameter>
          <paramName>P1</paramName>
          <dim>[1, 2]</dim>  
          </parameter>
          <parameter>
          <paramName>P2</paramName>
          <dim>[1, 2]</dim>  
          </parameter>
          </block>
              <signal>
              <sigName>constant1</sigName>
              <xpcsigName>constant1</xpcsigName>
              <sigWidth>1</sigWidth>
              <sigDim>[1, 1]</sigDim>
            </signal>
              <signal>
              <sigName>constant10</sigName>
              <xpcsigName>constant10</xpcsigName>
              <sigWidth>1</sigWidth>
              <sigDim>[1, 1]</sigDim>
            </signal>
              <signal>
              <sigName>constant11</sigName>
              <xpcsigName>constant11</xpcsigName>
              <sigWidth>1</sigWidth>
              <sigDim>[1, 1]</sigDim>
            </signal>
              <signal>
              <sigName>constant12</sigName>
              <xpcsigName>constant12</xpcsigName>
              <sigWidth>1</sigWidth>
              <sigDim>[1, 1]</sigDim>
            </signal>
              <signal>
              <sigName>constant13</sigName>
              <xpcsigName>constant13</xpcsigName>
              <sigWidth>1</sigWidth>
              <sigDim>[1, 1]</sigDim>
            </signal>
              <signal>
              <sigName>constant14</sigName>
              <xpcsigName>constant14</xpcsigName>
              <sigWidth>1</sigWidth>
              <sigDim>[1, 1]</sigDim>
            </signal>
              <signal>
              <sigName>constant15</sigName>
              <xpcsigName>constant15</xpcsigName>
              <sigWidth>1</sigWidth>
              <sigDim>[1, 1]</sigDim>
            </signal>
              <signal>
              <sigName>constant16</sigName>
              <xpcsigName>constant16</xpcsigName>
              <sigWidth>1</sigWidth>
              <sigDim>[1, 1]</sigDim>
            </signal>
              <signal>
              <sigName>constant17</sigName>
              <xpcsigName>constant17</xpcsigName>
              <sigWidth>1</sigWidth>
              <sigDim>[1, 1]</sigDim>
            </signal>
              <signal>
              <sigName>constant18</sigName>
              <xpcsigName>constant18</xpcsigName>
              <sigWidth>1</sigWidth>
              <sigDim>[1, 1]</sigDim>
            </signal>
              <signal>
              <sigName>constant19</sigName>
              <xpcsigName>constant19</xpcsigName>
              <sigWidth>1</sigWidth>
              <sigDim>[1, 1]</sigDim>
            </signal>
              <signal>
              <sigName>constant2</sigName>
              <xpcsigName>constant2</xpcsigName>
              <sigWidth>1</sigWidth>
              <sigDim>[1, 1]</sigDim>
            </signal>
              <signal>
              <sigName>constant20</sigName>
              <xpcsigName>constant20</xpcsigName>
              <sigWidth>1</sigWidth>
              <sigDim>[1, 1]</sigDim>
            </signal>
              <signal>
              <sigName>constant21</sigName>
              <xpcsigName>constant21</xpcsigName>
              <sigWidth>1</sigWidth>
              <sigDim>[1, 1]</sigDim>
            </signal>
              <signal>
              <sigName>constant22</sigName>
              <xpcsigName>constant22</xpcsigName>
              <sigWidth>1</sigWidth>
              <sigDim>[1, 1]</sigDim>
            </signal>
              <signal>
              <sigName>constant23</sigName>
              <xpcsigName>constant23</xpcsigName>
              <sigWidth>1</sigWidth>
              <sigDim>[1, 1]</sigDim>
            </signal>
              <signal>
              <sigName>constant24</sigName>
              <xpcsigName>constant24</xpcsigName>
              <sigWidth>1</sigWidth>
              <sigDim>[1, 1]</sigDim>
            </signal>
              <signal>
              <sigName>constant25</sigName>
              <xpcsigName>constant25</xpcsigName>
              <sigWidth>1</sigWidth>
              <sigDim>[1, 1]</sigDim>
            </signal>
              <signal>
              <sigName>constant26</sigName>
              <xpcsigName>constant26</xpcsigName>
              <sigWidth>1</sigWidth>
              <sigDim>[1, 1]</sigDim>
            </signal>
              <signal>
              <sigName>constant27</sigName>
              <xpcsigName>constant27</xpcsigName>
              <sigWidth>1</sigWidth>
              <sigDim>[1, 1]</sigDim>
            </signal>
              <signal>
              <sigName>constant28</sigName>
              <xpcsigName>constant28</xpcsigName>
              <sigWidth>1</sigWidth>
              <sigDim>[1, 1]</sigDim>
            </signal>
              <signal>
              <sigName>constant29</sigName>
              <xpcsigName>constant29</xpcsigName>
              <sigWidth>1</sigWidth>
              <sigDim>[1, 1]</sigDim>
            </signal>
              <signal>
              <sigName>constant3</sigName>
              <xpcsigName>constant3</xpcsigName>
              <sigWidth>1</sigWidth>
              <sigDim>[1, 1]</sigDim>
            </signal>
              <signal>
              <sigName>constant30</sigName>
              <xpcsigName>constant30</xpcsigName>
              <sigWidth>1</sigWidth>
              <sigDim>[1, 1]</sigDim>
            </signal>
              <signal>
              <sigName>constant31</sigName>
              <xpcsigName>constant31</xpcsigName>
              <sigWidth>1</sigWidth>
              <sigDim>[1, 1]</sigDim>
            </signal>
              <signal>
              <sigName>constant32</sigName>
              <xpcsigName>constant32</xpcsigName>
              <sigWidth>1</sigWidth>
              <sigDim>[1, 1]</sigDim>
            </signal>
              <signal>
              <sigName>constant4</sigName>
              <xpcsigName>constant4</xpcsigName>
              <sigWidth>1</sigWidth>
              <sigDim>[1, 1]</sigDim>
            </signal>
              <signal>
              <sigName>constant5</sigName>
              <xpcsigName>constant5</xpcsigName>
              <sigWidth>1</sigWidth>
              <sigDim>[1, 1]</sigDim>
            </signal>
              <signal>
              <sigName>constant6</sigName>
              <xpcsigName>constant6</xpcsigName>
              <sigWidth>1</sigWidth>
              <sigDim>[1, 1]</sigDim>
            </signal>
              <signal>
              <sigName>constant7</sigName>
              <xpcsigName>constant7</xpcsigName>
              <sigWidth>1</sigWidth>
              <sigDim>[1, 1]</sigDim>
            </signal>
              <signal>
              <sigName>constant8</sigName>
              <xpcsigName>constant8</xpcsigName>
              <sigWidth>1</sigWidth>
              <sigDim>[1, 1]</sigDim>
            </signal>
              <signal>
              <sigName>constant9</sigName>
              <xpcsigName>constant9</xpcsigName>
              <sigWidth>1</sigWidth>
              <sigDim>[1, 1]</sigDim>
            </signal>
              <signal>
              <sigName>PCI1/p1</sigName>
              <xpcsigName>PCI1/p1</xpcsigName>
              <sigWidth>16</sigWidth>
              <sigDim>[16, 1]</sigDim>
            </signal>
              <signal>
              <sigName>PCI1/p2</sigName>
              <xpcsigName>PCI1/p2</xpcsigName>
              <sigWidth>16</sigWidth>
              <sigDim>[16, 1]</sigDim>
            </signal>

</Root>