<?xml version="1.0" encoding="UTF-8"?><Root>
      
                  <block>
            <blkName>Constant</blkName>
            <xpcblkName>Constant</xpcblkName>
            <SLblockPath>pci1756/Constant</SLblockPath>
            <isSrc>[1 0 1]</isSrc>
          <parameter>
          <paramName>Value</paramName>
          <dim>[1, 1]</dim>  
          </parameter>
          </block>
            <block>
            <blkName>Constant1</blkName>
            <xpcblkName>Constant1</xpcblkName>
            <SLblockPath>pci1756/Constant1</SLblockPath>
            <isSrc>[1 0 1]</isSrc>
          <parameter>
          <paramName>Value</paramName>
          <dim>[1, 1]</dim>  
          </parameter>
          </block>
            <block>
            <blkName>Constant10</blkName>
            <xpcblkName>Constant10</xpcblkName>
            <SLblockPath>pci1756/Constant10</SLblockPath>
            <isSrc>[1 0 1]</isSrc>
          <parameter>
          <paramName>Value</paramName>
          <dim>[1, 1]</dim>  
          </parameter>
          </block>
            <block>
            <blkName>Constant11</blkName>
            <xpcblkName>Constant11</xpcblkName>
            <SLblockPath>pci1756/Constant11</SLblockPath>
            <isSrc>[1 0 1]</isSrc>
          <parameter>
          <paramName>Value</paramName>
          <dim>[1, 1]</dim>  
          </parameter>
          </block>
            <block>
            <blkName>Constant12</blkName>
            <xpcblkName>Constant12</xpcblkName>
            <SLblockPath>pci1756/Constant12</SLblockPath>
            <isSrc>[1 0 1]</isSrc>
          <parameter>
          <paramName>Value</paramName>
          <dim>[1, 1]</dim>  
          </parameter>
          </block>
            <block>
            <blkName>Constant13</blkName>
            <xpcblkName>Constant13</xpcblkName>
            <SLblockPath>pci1756/Constant13</SLblockPath>
            <isSrc>[1 0 1]</isSrc>
          <parameter>
          <paramName>Value</paramName>
          <dim>[1, 1]</dim>  
          </parameter>
          </block>
            <block>
            <blkName>Constant14</blkName>
            <xpcblkName>Constant14</xpcblkName>
            <SLblockPath>pci1756/Constant14</SLblockPath>
            <isSrc>[1 0 1]</isSrc>
          <parameter>
          <paramName>Value</paramName>
          <dim>[1, 1]</dim>  
          </parameter>
          </block>
            <block>
            <blkName>Constant15</blkName>
            <xpcblkName>Constant15</xpcblkName>
            <SLblockPath>pci1756/Constant15</SLblockPath>
            <isSrc>[1 0 1]</isSrc>
          <parameter>
          <paramName>Value</paramName>
          <dim>[1, 1]</dim>  
          </parameter>
          </block>
            <block>
            <blkName>Constant2</blkName>
            <xpcblkName>Constant2</xpcblkName>
            <SLblockPath>pci1756/Constant2</SLblockPath>
            <isSrc>[1 0 1]</isSrc>
          <parameter>
          <paramName>Value</paramName>
          <dim>[1, 1]</dim>  
          </parameter>
          </block>
            <block>
            <blkName>Constant3</blkName>
            <xpcblkName>Constant3</xpcblkName>
            <SLblockPath>pci1756/Constant3</SLblockPath>
            <isSrc>[1 0 1]</isSrc>
          <parameter>
          <paramName>Value</paramName>
          <dim>[1, 1]</dim>  
          </parameter>
          </block>
            <block>
            <blkName>Constant31</blkName>
            <xpcblkName>Constant31</xpcblkName>
            <SLblockPath>pci1756/Constant31</SLblockPath>
            <isSrc>[1 0 1]</isSrc>
          <parameter>
          <paramName>Value</paramName>
          <dim>[1, 1]</dim>  
          </parameter>
          </block>
            <block>
            <blkName>Constant4</blkName>
            <xpcblkName>Constant4</xpcblkName>
            <SLblockPath>pci1756/Constant4</SLblockPath>
            <isSrc>[1 0 1]</isSrc>
          <parameter>
          <paramName>Value</paramName>
          <dim>[1, 1]</dim>  
          </parameter>
          </block>
            <block>
            <blkName>Constant5</blkName>
            <xpcblkName>Constant5</xpcblkName>
            <SLblockPath>pci1756/Constant5</SLblockPath>
            <isSrc>[1 0 1]</isSrc>
          <parameter>
          <paramName>Value</paramName>
          <dim>[1, 1]</dim>  
          </parameter>
          </block>
            <block>
            <blkName>Constant6</blkName>
            <xpcblkName>Constant6</xpcblkName>
            <SLblockPath>pci1756/Constant6</SLblockPath>
            <isSrc>[1 0 1]</isSrc>
          <parameter>
          <paramName>Value</paramName>
          <dim>[1, 1]</dim>  
          </parameter>
          </block>
            <block>
            <blkName>Constant7</blkName>
            <xpcblkName>Constant7</xpcblkName>
            <SLblockPath>pci1756/Constant7</SLblockPath>
            <isSrc>[1 0 1]</isSrc>
          <parameter>
          <paramName>Value</paramName>
          <dim>[1, 1]</dim>  
          </parameter>
          </block>
            <block>
            <blkName>Constant8</blkName>
            <xpcblkName>Constant8</xpcblkName>
            <SLblockPath>pci1756/Constant8</SLblockPath>
            <isSrc>[1 0 1]</isSrc>
          <parameter>
          <paramName>Value</paramName>
          <dim>[1, 1]</dim>  
          </parameter>
          </block>
            <block>
            <blkName>Constant9</blkName>
            <xpcblkName>Constant9</xpcblkName>
            <SLblockPath>pci1756/Constant9</SLblockPath>
            <isSrc>[1 0 1]</isSrc>
          <parameter>
          <paramName>Value</paramName>
          <dim>[1, 1]</dim>  
          </parameter>
          </block>
            <block>
            <blkName>PCI1</blkName>
            <xpcblkName>PCI1</xpcblkName>
            <SLblockPath>pci1756/PCI1</SLblockPath>
            <isSrc>[0 1 1]</isSrc>
          <parameter>
          <paramName>P1</paramName>
          <dim>[1, 2]</dim>  
          </parameter>
          <parameter>
          <paramName>P2</paramName>
          <dim>[1, 2]</dim>  
          </parameter>
          </block>
              <signal>
              <sigName>Constant</sigName>
              <xpcsigName>Constant</xpcsigName>
              <sigWidth>1</sigWidth>
              <sigDim>[1, 1]</sigDim>
            </signal>
              <signal>
              <sigName>Constant1</sigName>
              <xpcsigName>Constant1</xpcsigName>
              <sigWidth>1</sigWidth>
              <sigDim>[1, 1]</sigDim>
            </signal>
              <signal>
              <sigName>Constant10</sigName>
              <xpcsigName>Constant10</xpcsigName>
              <sigWidth>1</sigWidth>
              <sigDim>[1, 1]</sigDim>
            </signal>
              <signal>
              <sigName>Constant11</sigName>
              <xpcsigName>Constant11</xpcsigName>
              <sigWidth>1</sigWidth>
              <sigDim>[1, 1]</sigDim>
            </signal>
              <signal>
              <sigName>Constant12</sigName>
              <xpcsigName>Constant12</xpcsigName>
              <sigWidth>1</sigWidth>
              <sigDim>[1, 1]</sigDim>
            </signal>
              <signal>
              <sigName>Constant13</sigName>
              <xpcsigName>Constant13</xpcsigName>
              <sigWidth>1</sigWidth>
              <sigDim>[1, 1]</sigDim>
            </signal>
              <signal>
              <sigName>Constant14</sigName>
              <xpcsigName>Constant14</xpcsigName>
              <sigWidth>1</sigWidth>
              <sigDim>[1, 1]</sigDim>
            </signal>
              <signal>
              <sigName>Constant15</sigName>
              <xpcsigName>Constant15</xpcsigName>
              <sigWidth>1</sigWidth>
              <sigDim>[1, 1]</sigDim>
            </signal>
              <signal>
              <sigName>Constant2</sigName>
              <xpcsigName>Constant2</xpcsigName>
              <sigWidth>1</sigWidth>
              <sigDim>[1, 1]</sigDim>
            </signal>
              <signal>
              <sigName>Constant3</sigName>
              <xpcsigName>Constant3</xpcsigName>
              <sigWidth>1</sigWidth>
              <sigDim>[1, 1]</sigDim>
            </signal>
              <signal>
              <sigName>Constant31</sigName>
              <xpcsigName>Constant31</xpcsigName>
              <sigWidth>1</sigWidth>
              <sigDim>[1, 1]</sigDim>
            </signal>
              <signal>
              <sigName>Constant4</sigName>
              <xpcsigName>Constant4</xpcsigName>
              <sigWidth>1</sigWidth>
              <sigDim>[1, 1]</sigDim>
            </signal>
              <signal>
              <sigName>Constant5</sigName>
              <xpcsigName>Constant5</xpcsigName>
              <sigWidth>1</sigWidth>
              <sigDim>[1, 1]</sigDim>
            </signal>
              <signal>
              <sigName>Constant6</sigName>
              <xpcsigName>Constant6</xpcsigName>
              <sigWidth>1</sigWidth>
              <sigDim>[1, 1]</sigDim>
            </signal>
              <signal>
              <sigName>Constant7</sigName>
              <xpcsigName>Constant7</xpcsigName>
              <sigWidth>1</sigWidth>
              <sigDim>[1, 1]</sigDim>
            </signal>
              <signal>
              <sigName>Constant8</sigName>
              <xpcsigName>Constant8</xpcsigName>
              <sigWidth>1</sigWidth>
              <sigDim>[1, 1]</sigDim>
            </signal>
              <signal>
              <sigName>Constant9</sigName>
              <xpcsigName>Constant9</xpcsigName>
              <sigWidth>1</sigWidth>
              <sigDim>[1, 1]</sigDim>
            </signal>
              <signal>
              <sigName>PCI1</sigName>
              <xpcsigName>PCI1</xpcsigName>
              <sigWidth>32</sigWidth>
              <sigDim>[32, 1]</sigDim>
            </signal>

</Root>